,phrase,label,sentiment,subjectivity,language,count
California,,,,,,
Los Angeles,,,,,,
B.C.,,,,,,
Canada,,,,,,
U.S.,,,,,,
Manitoba,,,,,,
Colorado,,,,,,
Southern California,,,,,,
LOS ANGELES,,,,,,
Australia,,,,,,
Texas,,,,,,
Spain,,,,,,
Alberta,,,,,,
Namibia,,,,,,
US,,,,,,
Oregon,,,,,,
Maui,,,,,,
N.S.,,,,,,
Earth,,,,,,
Los Angeles County,,,,,,
Calif.,,,,,,
Portugal,,,,,,
New Zealand,,,,,,
Alta.,,,,,,
New Brunswick,,,,,,
Washington,,,,,,
LA,,,,,,
New South Wales,,,,,,
Annapolis County,,,,,,
Pacific Palisades,,,,,,
Florida,,,,,,
Jasper,,,,,,
the Long Lake,,,,,,
Nova Scotia,,,,,,
Saskatchewan,,,,,,
UK,,,,,,
Annapolis Valley,,,,,,
L.A.,,,,,,
Sydney,,,,,,
Nova Scotia's,,,,,,
Cypress County,,,,,,
Perth,,,,,,
Vancouver Island,,,,,,
the United States,,,,,,
Ont.,,,,,,
Tasmania,,,,,,
Altadena,,,,,,
Europe,,,,,,
Paradise,,,,,,
America,,,,,,
Conception Bay North,,,,,,
Queensland,,,,,,
Peachland,,,,,,
Ontario,,,,,,
Idaho,,,,,,
Denare Beach,,,,,,
Chicago,,,,,,
British Columbia,,,,,,
West Dalhousie,,,,,,
Sask,,,,,,
Bamfield,,,,,,
Port Alberni,,,,,,
NSW,,,,,,
SYDNEY,,,,,,
Western Australia's,,,,,,
Ompah,,,,,,
Lake George,,,,,,
Calgary,,,,,,
Victoria,,,,,,
Scotland,,,,,,
Ottawa,,,,,,
Wisconsin,,,,,,
east coast,,,,,,
Hawaii,,,,,,
Mono County,,,,,,
Madagascar,,,,,,
Kings County,,,,,,
Tuolumne County,,,,,,
Long Lake,,,,,,
South Australia's,,,,,,
Newfoundland,,,,,,
China,,,,,,
The Long Lake,,,,,,
San Diego County,,,,,,
Denver,,,,,,
Rocky Mountain,,,,,,
Hollywood,,,,,,
Kelowna,,,,,,
New Brunswick's,,,,,,
India,,,,,,
Lancaster County,,,,,,
Americas,,,,,,
Connecticut,,,,,,
Arizona,,,,,,
Pacific,,,,,,
Wyoming,,,,,,
Northern California,,,,,,
L.A. County,,,,,,
Woodland Park,,,,,,
the Smokehouse Creek,,,,,,
South Dakota,,,,,,
Northeast,,,,,,
Nevada,,,,,,
Derby,,,,,,
Labrador,,,,,,
Africa,,,,,,
B.C,,,,,,
North Rim,,,,,,
Ariz.,,,,,,
Okanagan,,,,,,
MADRID,,,,,,
North America,,,,,,
Leaf Rapids,,,,,,
British Columbia's,,,,,,
the Western United States,,,,,,
Albania,,,,,,
Moreton Island,,,,,,
Newcastle,,,,,,
Miramichi,,,,,,
West,,,,,,
CALGARY,,,,,,
Rio Blanco County,,,,,,
Northern Alberta,,,,,,
Malibu,,,,,,
United States,,,,,,
the Great Lakes,,,,,,
Colombia,,,,,,
Everglades,,,,,,
Western Australia,,,,,,
Lynn Lake,,,,,,
WINDHOEK,,,,,,
Etosha National Park,,,,,,
Hobart,,,,,,
Flin Flon,,,,,,
Irvine,,,,,,
the East Coast,,,,,,
Brazil,,,,,,
Flagstaff,,,,,,
Toronto,,,,,,
the South Rim,,,,,,
Anahim Lake,,,,,,
the Central Coast,,,,,,
Pinery,,,,,,
the County of Kings,,,,,,
France,,,,,,
Vail,,,,,,
North Frontenac,,,,,,
London,,,,,,
TUOLUMNE COUNTY,,,,,,
Utah,,,,,,
Jurupa Valley,,,,,,
Californias,,,,,,
Northumberland County,,,,,,
Jefferson County,,,,,,
Taman Perdana Heights,,,,,,
Eaton,,,,,,
Larouco,,,,,,
WASHINGTON,,,,,,
Indonesia,,,,,,
north shore,,,,,,
Knox Mountain,,,,,,
HONOLULU,,,,,,
Lac du Bonnet,,,,,,
Montana,,,,,,
U.S,,,,,,
Plains,,,,,,
BC,,,,,,
Ukraine,,,,,,
New Mexico,,,,,,
CALIFORNIA,,,,,,
the Pacific Northwest,,,,,,
North Dundas,,,,,,
Seneca,,,,,,
Barrington,,,,,,
New Delhi,,,,,,
Uttar Pradesh,,,,,,
Minneapolis,,,,,,
New York,,,,,,
East Lombok District,,,,,,
Poway,,,,,,
Golden State,,,,,,
the Mount Rinjani National Park,,,,,,
Lāhainā,,,,,,
Sierra Nevada,,,,,,
VANCOUVER,,,,,,
Turkey,,,,,,
Virginia,,,,,,
MUNICH,,,,,,
Quantico,,,,,,
TNGR,,,,,,
Britain,,,,,,
West Nusa,,,,,,
Riverside County,,,,,,
Europeare,,,,,,
West Maui,,,,,,
Washington DC,,,,,,
Sembalun Lawang Village,,,,,,
Cyprus,,,,,,
Black Canyon,,,,,,
Southern Europe,,,,,,
North Okanagan,,,,,,
Canterbury,,,,,,
Maddington,,,,,,
Aylesford,,,,,,
Palmerston,,,,,,
Gelogor Paok,,,,,,
Jasper Park Lodge,,,,,,
South Okanagan,,,,,,
Osprey Lake,,,,,,
Smokehouse Creek,,,,,,
MONO COUNTY,,,,,,
North Coast,,,,,,
Kimberley,,,,,,
Moresby,,,,,,
Mid West city,,,,,,
Gaza,,,,,,
Wheatbelt,,,,,,
Man.,,,,,,
Sherani,,,,,,
Waggrakine,,,,,,
Greece,,,,,,
Winnipeg,,,,,,
the Black Canyon,,,,,,
Wattle Grove,,,,,,
spain,,,,,,
Midwest,,,,,,
the Annapolis Valley,,,,,,
the Grand Canyon,,,,,,
North County,,,,,,
Geraldton,,,,,,
Kenwick,,,,,,
Mid West,,,,,,
St. John's,,,,,,
Koolewong,,,,,,
Gunnison,,,,,,
Jerusalem,,,,,,
the North Rim of Grand Canyon National Park,,,,,,
Va,,,,,,
SAN FRANCISCO,,,,,,
Boulder Canyon,,,,,,
Boulder,,,,,,
Taman Seri Timah,,,,,,
Lahaina,,,,,,
MILWAUKEE,,,,,,
Omaha,,,,,,
Metro Vancouver,,,,,,
LA County,,,,,,
Lakeside,,,,,,
Melbourne,,,,,,
Indian Ocean,,,,,,
Kerryn,,,,,,
Fairview,,,,,,
Brisbane,,,,,,
Napa Valley,,,,,,
Nebraska,,,,,,
South America,,,,,,
the Northern Territory,,,,,,
North Frontenac Township,,,,,,
WELLINGTON,,,,,,
Fla.,,,,,,
San Diego,,,,,,
Reuters,,,,,,
-Wild,,,,,,
the Iberian Peninsula,,,,,,
Asia,,,,,,
Palisades,,,,,,
South Rim,,,,,,
the Riau Province Regional Disaster Management Agency,,,,,,
USA,,,,,,
Grand Canyon,,,,,,
the North Rim,,,,,,
Galicia,,,,,,
FireAid,,,,,,
Interior,,,,,,
Jasper National Park,,,,,,
Butte County,,,,,,
Florida Everglades,,,,,,
Massachusetts,,,,,,
Western Bay,,,,,,
Fort McMurray,,,,,,
UNITED STATES,,,,,,
west coast,,,,,,
Highlands,,,,,,
Buena Vista,,,,,,
Val-des-Bois,,,,,,
Underwood,,,,,,
Dubbo,,,,,,
Vancouver,,,,,,
Jakarta,,,,,,
Halifax,,,,,,
TORONTO,,,,,,
the Pacific United States,,,,,,
West Texas,,,,,,
the West Coast,,,,,,
the State of California,,,,,,
Moncton,,,,,,
Ireland,,,,,,
Kishtwar,,,,,,
Longhorn,,,,,,
SPAIN,,,,,,
Markham,,,,,,
THE UNITED STATES,,,,,,
Houston,,,,,,
Kashmir,,,,,,
Jammu,,,,,,
South Korea,,,,,,
Russia,,,,,,
Illinois,,,,,,
Italy,,,,,,
Thailand,,,,,,
Hong Kong,,,,,,
Japan,,,,,,
Ice Age France,,,,,,
Maharashtra,,,,,,
New York City’s,,,,,,
Arctic,,,,,,
Kentucky,,,,,,
New Orleans,,,,,,
Budapest,,,,,,
Coyotes,,,,,,
Wis.,,,,,,
CHICAGO,,,,,,
Louisville,,,,,,
New Jersey,,,,,,
Hollywood Hills,,,,,,
Santo,,,,,,
Rockford,,,,,,
Hudbay,,,,,,
prosec,,,,,,
WATERLOO,,,,,,
the Deer Creek Fire,,,,,,
North Rim Lodge,,,,,,
sprea,,,,,,
Balkans,,,,,,
Rio Arriba County,,,,,,
Chatfield State Park,,,,,,
La Sal,,,,,,
The Regional District,,,,,,
Regina,,,,,,
Saddle Hills County,,,,,,
Canad,,,,,,
Waianae,,,,,,
Belleville,,,,,,
Attica,,,,,,
eastern Ontario,,,,,,
Central Greece,,,,,,
Beaverton,,,,,,
May.,,,,,,
Island Lake,,,,,,
Beacon Hill,,,,,,
Pueblo,,,,,,
Grand Canyon Lodge,,,,,,
the Bonavista Peninsula,,,,,,
Deer Creek,,,,,,
RIO ARRIBA COUNTY,,,,,,
the Grand Canyon Lodge,,,,,,
Dragon Bravo,,,,,,
Grand Canyon Destroyed,,,,,,
jaguars,,,,,,
PHOENIX,,,,,,
South Metro,,,,,,
Mediterranean Europe,,,,,,
Mass,,,,,,
Laguna Beach,,,,,,
Rokan Hilir District,,,,,,
Cypruss,,,,,,
the Czech Republic,,,,,,
Northern Territory,,,,,,
the Rocky Mountains,,,,,,
Drosopigi village,,,,,,
the Churchill River,,,,,,
Limassol,,,,,,
Québec,,,,,,
Chino Hills,,,,,,
Riau province,,,,,,
Jamestown,,,,,,
Riau,,,,,,
Eskisehir province,,,,,,
the Western Balkans,,,,,,
Eskiehir,,,,,,
Eskişehir,,,,,,
NICOSIA,,,,,,
los angeles,,,,,,
Pello,,,,,,
Utsjoki,,,,,,
Eskisehir,,,,,,
the Eastern US,,,,,,
Ankara,,,,,,
Jordan,,,,,,
GREECE,,,,,,
Northeastern US,,,,,,
Kryoneri,,,,,,
Finland,,,,,,
Herzegovina,,,,,,
Bosnia and,,,,,,
Prozor-Rama,,,,,,
SARAJEVO,,,,,,
Camp Aspen,,,,,,
Andes,,,,,,
Colombian Andes,,,,,,
The South Rim Wildfire,,,,,,
MONTROSE COUNTY,,,,,,
the South Rim Fire,,,,,,
LeafRapids,,,,,,
the Verisk W,,,,,,
JERSEY CITY,,,,,,
insuran,,,,,,
Lebanon,,,,,,
Savukoski,,,,,,
Lapland,,,,,,
the Jasper Wildfire,,,,,,
Padang,,,,,,
the Town of Musgrave Harbour,,,,,,
Pine Pond,,,,,,
N.L,,,,,,
Musgrave Harbour,,,,,,
L.A. county,,,,,,
REGINA,,,,,,
the United States…,,,,,,
Kerr County,,,,,,
Mentrida,,,,,,
Madrid,,,,,,
the City of Toronto,,,,,,
Tekirdas,,,,,,
Şarköy,,,,,,
Red Lake,,,,,,
the Jerusalem Mountains,,,,,,
Northern Arizona,,,,,,
Western Slope,,,,,,
Bonavista Peninsula,,,,,,
southeast Europe,,,,,,
North Sumatra's,,,,,,
Mukah,,,,,,
Summerwood,,,,,,
North Sumatra Province,,,,,,
Marten Beach,,,,,,
Busselton,,,,,,
Peloponnese,,,,,,
Feneos,,,,,,
Forest,,,,,,
the Grand Canyon's,,,,,,
Western Massachusetts,,,,,,
Slave Lake,,,,,,
the Avalon Peninsula,,,,,,
NEW YORK CITY,,,,,,
Boston,,,,,,
the Kishtwar district,,,,,,
Coachella,,,,,,
Sail West,,,,,,
Malaysia,,,,,,
N Sumatra,,,,,,
Temperature,,,,,,
Medan,,,,,,
Anatolia,,,,,,
Montrose County,,,,,,
Orroral Valley,,,,,,
Shasta Lake,,,,,,
Southern California Wildfire As Evacuation Orders,,,,,,
Vale Base Metals,,,,,,
zmir,,,,,,
Columbia River Gorge,,,,,,
İzmir,,,,,,
Dryden Creek,,,,,,
"Redding addre… REDDING, Cali.",,,,,,
Cali.,,,,,,
REDDING,,,,,,
Wis,,,,,,
ISTANBUL,,,,,,
Istanbul,,,,,,
Ber,,,,,,
Basilicata,,,,,,
the Columbia River Gorge,,,,,,
Bernalda,,,,,,
the Western U.S.,,,,,,
Western rivers,,,,,,
Greek Island,,,,,,
the United St,,,,,,
FL,,,,,,
WEST DADE,,,,,,
Great Lakes,,,,,,
Palaia Fokaia,,,,,,
Thymari,,,,,,
Coeur d'Alene,,,,,,
Riverside,,,,,,
San Bernardino County,,,,,,
Costa Concordia,,,,,,
Superstorm Sandy,,,,,,
EUROPE,,,,,,
Southern Europe Roasts,,,,,,
BOISE,,,,,,
Kootenai County,,,,,,
46C as Europe,,,,,,
Canfield Mountain,,,,,,
the Northern Village,,,,,,
Coeur,,,,,,
Treasure Valley,,,,,,
Boise,,,,,,
Lisbon,,,,,,
ROME,,,,,,
the Northern Hemisphere,,,,,,
Bursa,,,,,,
Sakarya,,,,,,
Antalya,,,,,,
Kofina,,,,,,
DALLES,,,,,,
Chios Island,,,,,,
Yellowknife,,,,,,
The Golden State’s,,,,,,
Carson City,,,,,,
the Snow Lake r,,,,,,
colla… TORONTO,,,,,,
Salt Lake City,,,,,,
the Snow Lake,,,,,,
Lake City,,,,,,
Piiilani,,,,,,
Fresno,,,,,,
Chester,,,,,,
the Far North,,,,,,
Bucks,,,,,,
Eur…,,,,,,
Burlington County,,,,,,
Shamong,,,,,,
Bucks County,,,,,,
Philly,,,,,,
Prince Edward Island,,,,,,
EDMONTON,,,,,,
Canberra,,,,,,
Silver City,,,,,,
FRANKFURT,,,,,,
Grecia,,,,,,
Northwest Territories,,,,,,
Aegean,,,,,,
Chios,,,,,,
Eastern Shore,,,,,,
Ingolf,,,,,,
the Mantario Trail,,,,,,
the Nome Creek Valley,,,,,,
Alaska,,,,,,
Nome Creek,,,,,,
Ore.,,,,,,
Maritimes,,,,,,
the US Northeast,,,,,,
Har Nof,,,,,,
national park gorge,,,,,,
British Columbia’s,,,,,,
DUBLIN,,,,,,
the Burge Lake Provincial Park,,,,,,
Burge Lake Provincial Park,,,,,,
the Fraser River,,,,,,
Fraser River,,,,,,
Europ,,,,,,
San,,,,,,
Crestline,,,,,,
FLAGSTAFF,,,,,,
Kootenai County Sheriff,,,,,,
COCONINO COUNTY,,,,,,
Jacob Lake,,,,,,
Delta,,,,,,
Ruidoso,,,,,,
the Greater Toronto Area,,,,,,
Orange Countys,,,,,,
Trabuco Canyon,,,,,,
Orange County Residents Protest Planned Residential Development,,,,,,
PARIS,,,,,,
MARSEILLE,,,,,,
Western Europe,,,,,,
Marseille Provence,,,,,,
Provence,,,,,,
Marseille,,,,,,
Southern Oregon,,,,,,
Tarragona,,,,,,
Summit Lake,,,,,,
the Shasta County Sheriff's,,,,,,
Shasta,,,,,,
Lake Shasta,,,,,,
adva,,,,,,
Brackendale,,,,,,
New Mexico Village Rebuilds,,,,,,
the U.S. West,,,,,,
the Lahaina on Maui,,,,,,
Latakia province,,,,,,
South Rim Fire,,,,,,
National Park,,,,,,
the Upper Midwest BISMARCK,,,,,,
Keremeos,,,,,,
BISMARCK,,,,,,
Southern Utah,,,,,,
Gallinas,,,,,,
the Gallinas River,,,,,,
Squamish,,,,,,
the US West,,,,,,
west Oahu,,,,,,
North Spirit Lake,,,,,,
De,,,,,,
Northwestern Minnesota,,,,,,
The North Rim,,,,,,
Grand Canyon's,,,,,,
South Africa,,,,,,
Garden Hill,,,,,,
Latakia,,,,,,
Honolulu,,,,,,
Maili,,,,,,
Syria,,,,,,
Catalonia,,,,,,
Crete,,,,,,
Lasithi,,,,,,
Achlia,,,,,,
Inland Empire,,,,,,
BARCELONA,,,,,,
Mobile County,,,,,,
Meteo France,,,,,,
the American West,,,,,,
Trocadero,,,,,,
Kahsho,,,,,,
Greeces southern island,,,,,,
Coeur d’Alene,,,,,,
Hatay,,,,,,
Manisa,,,,,,
The City of Casey,,,,,,
Chase,,,,,,
the District of Squamish,,,,,,
Kamloops,,,,,,
COEUR D’ALENE,,,,,,
Southern,,,,,,
UCC,,,,,,
Waskesiu,,,,,,
Hatay province,,,,,,
zmirs Çeme,,,,,,
Evia,,,,,,
Hope,,,,,,
Patuanak,,,,,,
Crete Blaze ',,,,,,
Pikermi,,,,,,
PUYALLUP,,,,,,
Greater Toronto Area,,,,,,
Mersins Gülnar,,,,,,
Ödemi,,,,,,
Mersin,,,,,,
southern Europe,,,,,,
Çeşme,,,,,,
San Luis,,,,,,
San Luis Obispo County,,,,,,
San Luis Obispo,,,,,,
Thursda,,,,,,
ANKARA,,,,,,
Cornwall,,,,,,
Aspen,,,,,,
Greec,,,,,,
Dortyol,,,,,,
Ticknock,,,,,,
Elkhorn,,,,,,
Betis,,,,,,
Saddleridge,,,,,,
Edison,,,,,,
San Francisco Bay Area,,,,,,
Northern California’s,,,,,,
Collombatti,,,,,,
Sunda,,,,,,
de…,,,,,,
Bolivia,,,,,,
the New South Wales North Coast,,,,,,
the Clarence Valley,,,,,,
Barkly,,,,,,
Fox Mountain,,,,,,
New Minas,,,,,,
Aylesford Lake,,,,,,
Birch Lane,,,,,,
Etosha,,,,,,
han,,,,,,
Carlsbad,,,,,,
Venezuela,,,,,,
The Munro Lake,,,,,,
Seville,,,,,,
Pacific Coast,,,,,,
MELBOURNE,,,,,,
Ramona,,,,,,
Hudson Bay,,,,,,
"Zania Studio
",,,,,,
Chinas,,,,,,
Sharbot Lake,,,,,,
Melissia,,,,,,
Penteli,,,,,,
Gold River,,,,,,
Cybertruck,,,,,,
Akintimehin R,,,,,,
Mount Rinjani National Park,,,,,,
Antarctica,,,,,,
Palisades Wildfire,,,,,,
Accor,,,,,,
Plainview,,,,,,
Silverton,,,,,,
South Plains,,,,,,
Que,,,,,,
Que.,,,,,,
Outaouais,,,,,,
Mandeville Canyon,,,,,,
AUCKLAND,,,,,,
Stansted,,,,,,
Taiwan,,,,,,
North Side,,,,,,
Paia,,,,,,
the Sunshine Coast,,,,,,
Smokey Lake,,,,,,
westside,,,,,,
Pacific Northwest,,,,,,
Monroe,,,,,,
Californias Riverside County,,,,,,
Coldstream,,,,,,
Vibrant Planet,,,,,,
NBC Bay Area,,,,,,
Pemberton,,,,,,
Chinese Camp,,,,,,
Camp California,,,,,,
Qld,,,,,,
North Carolina Genealogy,,,,,,
East Kootenay,,,,,,
Hay River,,,,,,
Fort Providence,,,,,,
west Wales,,,,,,
Chipewyan Lake,,,,,,
HAWAII,,,,,,
Behchok,,,,,,
Grand Canyon​,,,,,,
Januarys California,,,,,,
FRESNO,,,,,,
Headworks Rd,,,,,,
ELM CREEK,,,,,,
New Br,,,,,,
San Diego Countys,,,,,,
Keshwan,,,,,,
JAMMU,,,,,,
Lee Creek,,,,,,
The Osprey Lake,,,,,,
Dagenham,,,,,,
Vancouver Island's,,,,,,
Ochre Pit Cove,,,,,,
Janes Village,,,,,,
Upper Murray,,,,,,
Cariboo,,,,,,
Brandon,,,,,,
VICTORIA,,,,,,
Austra…,,,,,,
Alamos Gold,,,,,,
Middle East,,,,,,
the Middle East,,,,,,
Briceburg,,,,,,
Unsplash,,,,,,
Yosemite National Park,,,,,,
Whatì,,,,,,
Cudlee Creek,,,,,,
Pisew,,,,,,
South Island,,,,,,
Gippsland,,,,,,
Southern Manitoba,,,,,,
Freeling,,,,,,
Mid North,,,,,,
Greater Adelaide,,,,,,
north Shuswap,,,,,,
Shuswap,,,,,,
the Uplands Trail,,,,,,
the Amazon Basin,,,,,,
Mangrove Mountain,,,,,,
NSW east coast,,,,,,
the NSW Central Coast,,,,,,
Kelseyville,,,,,,
Lake County,,,,,,
the Central Highlands,,,,,,
Edinburgh,,,,,,
Mammoth Mountain,,,,,,
the L.A. County Boar,,,,,,
Newark,,,,,,
Sucker River,,,,,,
Nomad Studio,,,,,,
west Maui,,,,,,
Central Coast,,,,,,
Whanganui,,,,,,
Parikino,,,,,,
Bullsbrook-Upper Swan,,,,,,
Perths south eastern,,,,,,
the New South Wales Mid North Coast,,,,,,
the Mid North Coast,,,,,,
Dolphin Sands,,,,,,
Silicon Valley,,,,,,
Menlo Park,,,,,,
Australias,,,,,,
the Mid West city,,,,,,
Mid North Coast,,,,,,
Southeast Asia,,,,,,
Corowa,,,,,,
NEWPORT,,,,,,
Newport,,,,,,
the Tintina Fault,,,,,,
Canadas Yukon,,,,,,
Western Australias,,,,,,
Castaic,,,,,,
the Jag Soundhouse,,,,,,
Lake Magenta,,,,,,
Californ… Charleston,,,,,,
Diamond Bar,,,,,,
The County of Los Angeles,,,,,,
Corvallis,,,,,,
Austin,,,,,,
San Bernard,,,,,,
Big Bear Lake,,,,,,
the wooded hills,,,,,,
Latin America,,,,,,
Chicagoland,,,,,,
Gulf Coast,,,,,,
year Ireland,,,,,,
Lancets,,,,,,
Iceland,,,,,,
New Yorks,,,,,,
the Rambah area,,,,,,
Winthrop,,,,,,
Washinton,,,,,,
Bridgewater,,,,,,
Aliso Canyon,,,,,,
Vancouver Islands,,,,,,
the Mount Underwood,,,,,,
SC,,,,,,
the County’s Fire Department,,,,,,
Gregory,,,,,,
Geneva,,,,,,
Balakong,,,,,,
Southern California’s,,,,,,
North Island,,,,,,
New Zealand's,,,,,,
Beaver Creek,,,,,,
Wirrabara Ranges,,,,,,
the Flinders Ranges,,,,,,
Idaho Springs,,,,,,
prote,,,,,,
Pine Grove,,,,,,
Polymarket,,,,,,
The wooded area,,,,,,
Kalshi,,,,,,
northwestern Ontario,,,,,,
Northwestern Ontario,,,,,,
Kentuckyis,,,,,,
the Western United State…,,,,,,
deadwood,,,,,,
Shirur,,,,,,
Pune,,,,,,
Pune village,,,,,,
Behchokǫ̀,,,,,,
Novato,,,,,,
the Fraser Canyon,,,,,,
Glendale,,,,,,
Megafire,,,,,,
the City of St. John's,,,,,,
Dardanelles,,,,,,
the Dardanelles Strait,,,,,,
Port,,,,,,
Honolulu Civil,,,,,,
the Jemez Mountains,,,,,,
Rincon Colorado,,,,,,
Hungary,,,,,,
Bulgaria,,,,,,
Burnt River,,,,,,
Daves Creek,,,,,,
Naples,,,,,,
Mount Vesuvius​,,,,,,
Mount Vesuvius,,,,,,
Russias Far East,,,,,,
the Bay de Verde Peninsula,,,,,,
Ancient Olympia,,,,,,
Keratea,,,,,,
Los Angeles Countys,,,,,,
the Canyon Fire,,,,,,
Mount Underwood,,,,,,
Newfo,,,,,,
Montreal,,,,,,
Zakynthos,,,,,,
the Sea of Galilee,,,,,,
el-Araj,,,,,,
Bethsaida,,,,,,
northwest Leon,,,,,,
las,,,,,,
frontover,,,,,,
Achaia,,,,,,
Arta,,,,,,
Preveza,,,,,,
Kaminia,,,,,,
Lanaudière,,,,,,
Bayers Lake,,,,,,
Montenegro,,,,,,
Greeces,,,,,,
Patras,,,,,,
the Robie Creek Area,,,,,,
Atlantic Canada,,,,,,
Maple Hills,,,,,,
the Bay Area,,,,,,
Hit Bay Area,,,,,,
Ventura-L,,,,,,
Meeker,,,,,,
Spains,,,,,,
San Lui,,,,,,
LAKE CITY,,,,,,
Mid-Atlantic,,,,,,
Southeastern states,,,,,,
Pandamaran,,,,,,
Port Klang,,,,,,
pyrocumulus cloud,,,,,,
Ai… Toronto,,,,,,
"Peachland, B.C",,,,,,
Columbias,,,,,,
Cameron Lake,,,,,,
Kalimantan,,,,,,
Singkawang,,,,,,
Singkawan Selatan,,,,,,
Pangmilang village,,,,,,
Cormorant,,,,,,
tot… Toronto,,,,,,
LifeLabs,,,,,,
Fukushima,,,,,,
Palembang,,,,,,
South Sumatra,,,,,,
strea,,,,,,
Burlingto,,,,,,
Heraklion,,,,,,
Lassithi,,,,,,
Holyrood,,,,,,
Franceare,,,,,,
Aude,,,,,,
Broad Cove,,,,,,
Carcassonne,,,,,,
Corbieres,,,,,,
Tarifa,,,,,,
Bay d'Espoir,,,,,,
Central Newfoundland,,,,,,
Martin Lake,,,,,,
The Regional District of Nanaimo,,,,,,
DOUGLAS COUNTY,,,,,,
New York State,,,,,,
Imperial County,,,,,,
midwest,,,,,,
NEW CUYAMA,,,,,,
Santa Barbara,,,,,,
Des Moi,,,,,,
Detroit,,,,,,
Nanaimo,,,,,,
Rockies,,,,,,
Türkiyes,,,,,,
N.B.,,,,,,
Kingston,,,,,,
East,,,,,,
Annapolis,,,,,,
The Mount Underwood,,,,,,
South Kalimantan,,,,,,
Banjarmasin City,,,,,,
DNR,,,,,,
the Treasure Valley,,,,,,
Central Oregon,,,,,,
Gardunha mountains,,,,,,
Napa County,,,,,,
Sweetwater Lake,,,,,,
Amsterdam,,,,,,
Mountain Ritual,,,,,,
Leyton,,,,,,
Bosnia,,,,,,
Neum,,,,,,
Sa… ST,,,,,,
Sunnyside,,,,,,
Ecuador,,,,,,
Quito,,,,,,
Stoner Mesa,,,,,,
HIGH RIVER,,,,,,
Island,,,,,,
Paddy,,,,,,
vineyards,,,,,,
the Northwest United States,,,,,,
Fresno County,,,,,,
Vounteni,,,,,,
Canadas,,,,,,
SANTA MONICA,,,,,,
North York Moors National Park,,,,,,
North Yorkshire,,,,,,
Bilecik,,,,,,
Los Ang,,,,,,
Piru,,,,,,
Northwest US,,,,,,
Spuzzum,,,,,,
the Diamond Peak Wilderness,,,,,,
Oakridge,,,,,,
Nagan Raya,,,,,,
Aceh,,,,,,
the Napa Valley,,,,,,
Kenya,,,,,,
NAIROBI,,,,,,
Lane County,,,,,,
Fraser Valley,,,,,,
Bermuda,,,,,,
LAS VEGAS,,,,,,
Cherrywood,,,,,,
South Florida,,,,,,
DETROIT,,,,,,
Gallipoli,,,,,,
South Coast,,,,,,
Gulf,,,,,,
Freshwater,,,,,,
Upper East Side,,,,,,
tinderboxes,,,,,,
Cherywood,,,,,,
Queensferry,,,,,,
jaguarundi,,,,,,
Beijing,,,,,,
Mountain Brook,,,,,,
River Canyon,,,,,,
GORMAN,,,,,,
Trancoso,,,,,,
Ont,,,,,,
Kirkfield,,,,,,
Kawartha Lakes,,,,,,
Luxembourg,,,,,,
Heat Blasts Cyprus,,,,,,
Sandy Lake,,,,,,
the Western Slope,,,,,,
Çanakkale,,,,,,
Vernon,,,,,,
Pagosa Springs,,,,,,
The City of Port Alberni,,,,,,
wildfiresand,,,,,,
Eagle County,,,,,,
Magdeburg,,,,,,
Eastern Canada,,,,,,
MADRID Spain,,,,,,
Bridgetown,,,,,,
Camino de Santiago,,,,,,
Archuleta County,,,,,,
Oak,,,,,,
The City of Vernon,,,,,,
Ri,,,,,,
Alaska Summit,,,,,,
Picos de Europa mountains,,,,,,
suppo,,,,,,
the Utah Valley,,,,,,
Slate Canyon,,,,,,
Utah Valley,,,,,,
The Boltres Creek,,,,,,
the City of Vernon,,,,,,
Thompson,,,,,,
Canadian Province,,,,,,
the St. Lawrence River,,,,,,
Germany,,,,,,
Tokyo,,,,,,
country&#039;s,,,,,,
TOKYO,,,,,,
Panhandle,,,,,,
D-Calif.,,,,,,
Iwate,,,,,,
Janu,,,,,,
the Texas Panhandle,,,,,,
South Carolina,,,,,,
Georgia,,,,,,
Frankfurt,,,,,,
Ta,,,,,,
Talbot County,,,,,,
Huon,,,,,,
Bonhams,,,,,,
mont,,,,,,
the Space Coast,,,,,,
Januarys,,,,,,
Okla.,,,,,,
the Bow Valley,,,,,,
Banff,,,,,,
Bow Valley,,,,,,
North,,,,,,
responsib,,,,,,
Carolinas,,,,,,
North and South Carolina,,,,,,
Polk County,,,,,,
South Carolin,,,,,,
Mount Buninyong,,,,,,
Ballarat,,,,,,
I-20,,,,,,
Douglasville,,,,,,
Flinders Ranges,,,,,,
the Delmarva Peninsula,,,,,,
Eastern Seaboard,,,,,,
Washington State,,,,,,
South Carolina’s,,,,,,
Sou…,,,,,,
Hokkaido,,,,,,
the North Carolina F,,,,,,
the North Carolina,,,,,,
Albertas,,,,,,
ATLANTA,,,,,,
Ga.,,,,,,
Tyvek,,,,,,
"North, South Carolina",,,,,,
Ofunato Bay,,,,,,
South,,,,,,
Myrtle Beach,,,,,,
Carolina Forest,,,,,,
Carolina,,,,,,
Palisades Blaze,,,,,,
Zurich,,,,,,
Iwate Prefecture,,,,,,
Iraq,,,,,,
Taman Muzaffar Heights,,,,,,
nonp,,,,,,
Niantic,,,,,,
conj,,,,,,
Burbank,,,,,,
Portland,,,,,,
Zeehan,,,,,,
the Sonoma Valley,,,,,,
Sonoma Valley Roads Could Be a ‘Death Trap,,,,,,
Santa Maria,,,,,,
SANTA MARIA,,,,,,
the Los Angeles Area,,,,,,
Sherman Oaks,,,,,,
Amsterdam Island,,,,,,
San Francisco,,,,,,
Hanmi,,,,,,
YMCA,,,,,,
Central California,,,,,,
Beverly Hills,,,,,,
Luar,,,,,,
New York Fashion,,,,,,
Mauis,,,,,,
Pomonal,,,,,,
Melaka,,,,,,
Afghanistan,,,,,,
Ofunato,,,,,,
Sacramento,,,,,,
Wash.,,,,,,
ISSAQUAH,,,,,,
U.K.,,,,,,
Mount Eliza,,,,,,
Boulder County,,,,,,
Santa Rosa,,,,,,
LOUISVILLE,,,,,,
Chico,,,,,,
Forest Ranch,,,,,,
Richmond County council,,,,,,
Richmond County,,,,,,
East Texas,,,,,,
Windy Harbour,,,,,,
South West,,,,,,
Dunsborough,,,,,,
Dunsborough area,,,,,,
Ghana,,,,,,
Jalgaon,,,,,,
Washington States,,,,,,
Baglung,,,,,,
Nakhon Ratchasima,,,,,,
Spring Mountain,,,,,,
Napa,,,,,,
West GA,,,,,,
TALBOTT COUNTY,,,,,,
Dublin,,,,,,
Melbournes east,,,,,,
Larimer County,,,,,,
Palm Beach,,,,,,
NWS Miami,,,,,,
Bethanchok Rural Municipality-3,,,,,,
Bolde,,,,,,
DALLAS,,,,,,
Oklahoma City,,,,,,
Orange County,,,,,,
Mo.,,,,,,
PIEDMONT,,,,,,
Fredericksburg,,,,,,
Kilsyth,,,,,,
West Virginia,,,,,,
Montrose,,,,,,
Mount Dandenong,,,,,,
Plymouth,,,,,,
Tennessee,,,,,,
U.S. South,,,,,,
LA County's,,,,,,
Edmond,,,,,,
Velma,,,,,,
Stillwater,,,,,,
Norman,,,,,,
Alabama,,,,,,
Berthoud,,,,,,
AUSTIN,,,,,,
Garfield,,,,,,
Haskell,,,,,,
abo,,,,,,
West Wales,,,,,,
South Wales,,,,,,
Wales,,,,,,
the Black Cove,,,,,,
POLK COUNTY,,,,,,
Black Cove,,,,,,
Montgomery,,,,,,
San Jacinto,,,,,,
Great Plains,,,,,,
Neb.,,,,,,
OMAHA,,,,,,
Texas Panhandle,,,,,,
TEXAS,,,,,,
CANADIAN,,,,,,
Southwest,,,,,,
Miami-Dade County,,,,,,
Southern Florida,,,,,,
Miami-Dade,,,,,,
Mid South,,,,,,
Kavrepalanchok,,,,,,
Karve,,,,,,
Pawnee,,,,,,
Mississippi,,,,,,
OKLAHOMA CITY,,,,,,
US South,,,,,,
Last Hamptons,,,,,,
New York’s,,,,,,
Hamptons,,,,,,
Suffolk County,,,,,,
Moorpark,,,,,,
Palm Beach County,,,,,,
Mar-a-Lago,,,,,,
the Sunshine State,,,,,,
the Hudson Valley,,,,,,
Maryland,,,,,,
Washoe,,,,,,
Netherlands,,,,,,
Ribdikot Rural,,,,,,
Sansarkot hill,,,,,,
Palpa,,,,,,
Manhattan,,,,,,
Waikato District,,,,,,
Whangamarino Wetlands,,,,,,
Los Angeles County Sues,,,,,,
Tryon,,,,,,
Nassau,,,,,,
Long Island,,,,,,
Las Vegas,,,,,,
New Hampshire,,,,,,
Evergreen,,,,,,
Suffolk,,,,,,
Deep South,,,,,,
Westhampton,,,,,,
The Mississippi Valley,,,,,,
South Jersey,,,,,,
Delaware,,,,,,
Pico Rivera,,,,,,
Kansas,,,,,,
NWS,,,,,,
the Mississippi Valley,,,,,,
votar,,,,,,
New Zea,,,,,,
Port Waikato,,,,,,
Mngere Mountain,,,,,,
Northland,,,,,,
Waikato,,,,,,
Auckland,,,,,,
Missouri,,,,,,
Arkansas,,,,,,
the Gold Coast,,,,,,
Maine,,,,,,
Creek East,,,,,,
New B.C.,,,,,,
LONDON,,,,,,
the Golden State's,,,,,,
Northcliffe,,,,,,
Cali,,,,,,
the Indian Ocean,,,,,,
Haifa,,,,,,
Greater Los Angeles,,,,,,
CASTAIC,,,,,,
Bull Creek,,,,,,
New US,,,,,,
Castaic Lake,,,,,,
NEW YORK,,,,,,
Park City’s,,,,,,
Califo,,,,,,
adobe,,,,,,
the Pacific Coast Highwa,,,,,,
Kesler,,,,,,
Neutra,,,,,,
Los Angles,,,,,,
USAID,,,,,,
Lead City’s,,,,,,
Los Angeles Fire Relief,,,,,,
Los Angeles County Wildfire Relief Efforts,,,,,,
Los An,,,,,,
Mexicoand,,,,,,
PASADENA,,,,,,
LA Wildfire Relief LIVE,,,,,,
Dryden,,,,,,
Israel,,,,,,
Western states,,,,,,
Paris,,,,,,
Monterey,,,,,,
Moss Landing,,,,,,
Anadolu,,,,,,
South Australia,,,,,,
D.C.,,,,,,
the Golden State,,,,,,
Pradesh,,,,,,
Arunachal,,,,,,
Tawang Chu river,,,,,,
Bec,,,,,,
SoCal,,,,,,
Santa Clarita,,,,,,
Arthur River,,,,,,
N.C.,,,,,,
the City of Los Angeles,,,,,,
Oakland,,,,,,
Southern Californias,,,,,,
Bremer Bay,,,,,,
the Central Valley,,,,,,
North Carolina,,,,,,
Kavrepalanchowk,,,,,,
SACRAMENTO,,,,,,
Los Angeles County’s,,,,,,
Ventura County,,,,,,
Laguna,,,,,,
Adelaide Hills,,,,,,
the Adelaide Hills,,,,,,
Mediterranean,,,,,,
Santa Anas,,,,,,
Tehran,,,,,,
Mount Wilson,,,,,,
Santa Ana wi,,,,,,
the Santa Monica Mountains,,,,,,
San Fernando Valley,,,,,,
the Pacific Palisades,,,,,,
Southern Califo,,,,,,
busine,,,,,,
L.A,,,,,,
Yellowstone National Park,,,,,,
The New Republic,,,,,,
Angeles,,,,,,
Los,,,,,,
prope,,,,,,
L.A. Wildfires,,,,,,
the National Oceanic,,,,,,
Ventura Counties,,,,,,
west LA,,,,,,
Ventura,,,,,,
Eaton Canyon,,,,,,
Pasadena,,,,,,
Santa Ana,,,,,,
Santa Ana Winds,,,,,,
Chile,,,,,,
Vegas,,,,,,
Will Rodgers State Beach,,,,,,
Coast To Coast,,,,,,
Iran,,,,,,
Hercules,,,,,,
Missoula,,,,,,
Coachella Valley,,,,,,
the Pacific Coast Highway,,,,,,
Pacific Coast Highway,,,,,,
Los Angeles's,,,,,,
Habitat,,,,,,
Brentwood,,,,,,
Kamala,,,,,,
Mexico,,,,,,
Miami,,,,,,
INGLEWOOD,,,,,,
Los Angeles',,,,,,
Indiana,,,,,,
Santa Monica,,,,,,
Santa,,,,,,
SAN DIEGO,,,,,,
the Los Angeles County,,,,,,
Los Angeles county,,,,,,
Southeast,,,,,,
Wate,,,,,,
Southern California's,,,,,,
modifi,,,,,,
Healdsburg,,,,,,
Calif,,,,,,
Rayong,,,,,,
the Western US,,,,,,
East Bay,,,,,,
San Antonio,,,,,,
San Bernardino,,,,,,
the City of Gosnells,,,,,,
EL MONTE,,,,,,
Treyarch,,,,,,
Culver City,,,,,,
Encino,,,,,,
the Mandeville Canyon,,,,,,
Gaga,,,,,,
Mars,,,,,,
Pacific Palisad,,,,,,
south coast,,,,,,
Esperance,,,,,,
Black D.C.,,,,,,
Southern California Edison,,,,,,
Melissa Rivers,,,,,,
Palisades Fire,,,,,,
San Andreas,,,,,,
Howth,,,,,,
Breit,,,,,,
Yoshiki,,,,,,
LONG BEACH,,,,,,
Southern California Wildfire Relief and Recovery Efforts,,,,,,
bec,,,,,,
Oakland Hills,,,,,,
Franklin County,,,,,,
Pasade,,,,,,
Chame Rural,,,,,,
Timang,,,,,,
Southern Californi,,,,,,
Nuble,,,,,,
CHILE,,,,,,
Cimarron County,,,,,,
Moore County,,,,,,
Amarillo,,,,,,
Allstate,,,,,,
Deckers,,,,,,
Dotts Park,,,,,,
Douglas County,,,,,,
Californi,,,,,,
Oklahoma,,,,,,
linksThe California,,,,,,
CAMBRIDGE,,,,,,
Sonoma County,,,,,,
west Altadena,,,,,,
le,,,,,,
Maui County,,,,,,
Perfluoroalkyl,,,,,,
Md.,,,,,,
NORTH BETHESDA,,,,,,
Compton,,,,,,
Wades Gap,,,,,,
LA Wildfire,,,,,,
Phoenix,,,,,,
Dine L.A.,,,,,,
Central Valley,,,,,,
Metropolitan Water District,,,,,,
Fairbanks,,,,,,
The United States,,,,,,
Los Ange,,,,,,
F*ck LA,,,,,,
St. Vincent,,,,,,
Finneas,,,,,,
PARK CITY,,,,,,
Eyre Peninsula,,,,,,
Nashville,,,,,,
L,,,,,,
Sunset,,,,,,
HOUSTON,,,,,,
Baja,,,,,,
Little Desert National Park,,,,,,
Dimboola,,,,,,
Bay Area,,,,,,
Great Southern,,,,,,
southeast sweltered,,,,,,
Mudslides,,,,,,
the San Francisco Bay Area,,,,,,
the City of Dreams,,,,,,
Panama,,,,,,
Callaway,,,,,,
Wartook,,,,,,
McDowell County,,,,,,
North Carolina's,,,,,,
Selling Sunset',,,,,,
Eastern Coachella Valley,,,,,,
New York Ci,,,,,,
Mooralla,,,,,,
MCDOWELL COUNTY,,,,,,
NC,,,,,,
Inglewood,,,,,,
OLD FORT,,,,,,
Crooked Creek,,,,,,
Old Fort,,,,,,
Southern Galicia,,,,,,
Vienna,,,,,,
Pacific Palis,,,,,,
S.C.,,,,,,
CHARLESTON,,,,,,
Sting,,,,,,
the Tule River Tribe,,,,,,
the Tule River Indian Reservation,,,,,,
HOLLYWOOD,,,,,,
mashabuba,,,,,,
Getty,,,,,,
Woolsey,,,,,,
the Dublin Mountains,,,,,,
the Summit Lake,,,,,,
Mount Hymettus,,,,,,
Cayman Islands,,,,,,
GRAND CAYMAN,,,,,,
Thorhild County,,,,,,
the Boyle Fishpond,,,,,,
Athabasca County,,,,,,
Redwater,,,,,,
Snowy Mountains,,,,,,
Truro,,,,,,
Colchester County,,,,,,
Eshtaol,,,,,,
Zografou,,,,,,
Athens,,,,,,
Bird River,,,,,,
The Northwest Territories',,,,,,
N.W.T.,,,,,,
Fort Smith,,,,,,
Lisdoonvarna,,,,,,
Kilmoon,,,,,,
Clare,,,,,,
north Clare,,,,,,
Interlake region,,,,,,
Interlake,,,,,,
Riverdale,,,,,,
Koreatown,,,,,,
Adam,,,,,,
C.B.N,,,,,,
Avalon Peninsula,,,,,,
the Jerusalem Hills,,,,,,
the Rural Municipality,,,,,,
the Redwater Recreation Area,,,,,,
Ocean Pond,,,,,,
Whitbourne,,,,,,
the Lac du Bonnet area,,,,,,
Schuylerville,,,,,,
the Hudson River,,,,,,
Duluth,,,,,,
Lake Superior,,,,,,
LOUIS COUNTY,,,,,,
Northern Minnesota,,,,,,
Princeton,,,,,,
Bozeman,,,,,,
St Louis County,,,,,,
Carbonear,,,,,,
CoveBlackheadBroad Cove,,,,,,
Sweden,,,,,,
Fort Nelson,,,,,,
Lincoln County,,,,,,
N.L.,,,,,,
Small Point,,,,,,
Conception Bay,,,,,,
Canada Park,,,,,,
Türkiye,,,,,,
Devon,,,,,,
Dartmoor,,,,,,
North Macedonia,,,,,,
Croatia,,,,,,
Tel Aviv,,,,,,
Tel Avi,,,,,,
JERUSALEM,,,,,,
Beersheba,,,,,,
the Negev Desert,,,,,,
Nev.,,,,,,
SINGAPORE,,,,,,
Jerusalem Hills,,,,,,
the Eshtaol Forest,,,,,,
Aberdeen,,,,,,
Minn.,,,,,,
RIPLEY,,,,,,
Chubb,,,,,,
Riau Province,,,,,,
Jones County,,,,,,
Himalayas,,,,,,
WARETOWN,,,,,,
the Jones River,,,,,,
the Isle of …,,,,,,
Glen Rosa valley,,,,,,
the Binyamin Region,,,,,,
Prat Stream,,,,,,
Romania,,,,,,
Reopens Roads,,,,,,
the New South Wales,,,,,,
Lytton,,,,,,
NSW south coast,,,,,,
Edm,,,,,,
Salcha,,,,,,
North Pole,,,,,,
the County of Grande Prairie,,,,,,
Sturgeon County,,,,,,
Prince George,,,,,,
Hixon,,,,,,
Colo.,,,,,,
Aurora,,,,,,
Remington Henderson,,,,,,
the Jersey Shore,,,,,,
Fort St. John,,,,,,
Prospect Park,,,,,,
Brooklyn,,,,,,
SEATTLE,,,,,,
PNW,,,,,,
Tarom,,,,,,
the Judean Plains,,,,,,
the Judean Plane,,,,,,
Judean Plains,,,,,,
Arcadia,,,,,,
Kentucky Derby,,,,,,
Alexander,,,,,,
Nopiming Provincial Park,,,,,,
Glencullen,,,,,,
Roosevelt Island,,,,,,
Lower Michigan,,,,,,
OTTAWA,,,,,,
The Summit Lake,,,,,,
Escondido,,,,,,
Northern Californias,,,,,,
the Northwest Territories,,,,,,
Pukatawagan,,,,,,
the Atlantic Ocean,,,,,,
Minnesota​,,,,,,
Atlantic,,,,,,
Mati,,,,,,
Western Canada,,,,,,
Akasaki district,,,,,,
Central Canada,,,,,,
the Southern United States,,,,,,
the Eastern Seaboard,,,,,,
Reaches Gulf Coast,,,,,,
Christina Lake,,,,,,
the Gulf Coast,,,,,,
Niagara Falls,,,,,,
North Dakota,,,,,,
the Kiskatinaw River,,,,,,
Quebec,,,,,,
Pukatagawan,,,,,,
CALISTOGA,,,,,,
Calistoga,,,,,,
Snow Lake,,,,,,
MINNEAPOLIS,,,,,,
Dawson Creek,,,,,,
Southern Ontario,,,,,,
Northern Ontario,,,,,,
Northern Sask,,,,,,
Ann Arbor,,,,,,
Lake Michigan,,,,,,
Traverse City,,,,,,
Wennington,,,,,,
Napa Town,,,,,,
N.B,,,,,,
Ottawa-Gatineau,,,,,,
the Lower Peninsula,,,,,,
the Upper Midwest,,,,,,
Southeast Michigan,,,,,,
Walton,,,,,,
AgenciesLos Angeles,,,,,,
Zaporizhzhia,,,,,,
Kiskatinaw,,,,,,
QUEBEC CITY,,,,,,
Nunavut,,,,,,
New England,,,,,,
Ravalli County,,,,,,
PORTLAND,,,,,,
Trutch,,,,,,
the Buckinghorse River,,,,,,
PG&E,,,,,,
Manitoba Province,,,,,,
Saskatoon,,,,,,
Northern Saskatchewan,,,,,,
Bake West,,,,,,
Prairies,,,,,,
the Edith Lake,,,,,,
Sequoia,,,,,,
FE,,,,,,
Clarno,,,,,,
Swan Hills,,,,,,
Nopiming,,,,,,
Tucson,,,,,,
High Park,,,,,,
SAO PAULO,,,,,,
Bookara,,,,,,
the Earth Fire Alliance,,,,,,
Nehalem,,,,,,
Whiteshell,,,,,,
Valley,,,,,,
Adam's Cove,,,,,,
los,,,,,,
Kenora,,,,,,
a Refuge From Climate Change,,,,,,
Barcelona,,,,,,
Central,,,,,,
Creighton,,,,,,
Yellowhead County,,,,,,
Adelaide,,,,,,
Ohio,,,,,,
Dakotas,,,,,,
Deer Lake,,,,,,
Barrie,,,,,,
Kelly Lake,,,,,,
Kiskatinaw River,,,,,,
BC-Alberta,,,,,,
emergen…,,,,,,
Peace River,,,,,,
Saskatch,,,,,,
Manito,,,,,,
La Ronge,,,,,,
the Parker Lake,,,,,,
accor,,,,,,
Pri,,,,,,
Semiahmoo,,,,,,
Katzie,,,,,,
the Coast Salish,,,,,,
Michigan,,,,,,
Yellowstone,,,,,,
northern Manitoba,,,,,,
Cana,,,,,,
Manitoba province,,,,,,
Coral Reefs,,,,,,
Milwaukee,,,,,,
N.Y.,,,,,,
Measles - United States,,,,,,
North Thompson,,,,,,
Clearwater,,,,,,
Table Rock Mountain,,,,,,
South Korea&rsquo;s,,,,,,
North Geyongsang,,,,,,
Horry County Fire Rescue,,,,,,
CAROLINAS,,,,,,
Nelson County,,,,,,
Nelson,,,,,,
Humpback Rocks,,,,,,
Samui-ri,,,,,,
Measles - United States of America - World Health Organization,,,,,,
UTICA,,,,,,
South Korea - Walking,,,,,,
Chumok-ri village,,,,,,
North Gyeongsang,,,,,,
Singapore,,,,,,
earth,,,,,,
Chiang Mai,,,,,,
Alta Dena,,,,,,
Bailout City,,,,,,
Korea,,,,,,
record&rdquo,,,,,,
Ehime,,,,,,
North Carolinago.com,,,,,,
Eastern Sierra,,,,,,
Saijo,,,,,,
Yosemite,,,,,,
Northern Ireland,,,,,,
Camptonville,,,,,,
Little Desert,,,,,,
San Juan Capistrano,,,,,,
LA blaze,,,,,,
Umphang Wildlife Sanctuary,,,,,,
the Iberian Highlands,,,,,,
Table Rock State,,,,,,
Dorset,,,,,,
essen,,,,,,
Ferndale,,,,,,
Seattle,,,,,,
Glasgow,,,,,,
the Kilpatrick Hills,,,,,,
Manchester United,,,,,,
England,,,,,,
NOTTINGHAM,,,,,,
Robe,,,,,,
PRESCOTT,,,,,,
Iowa,,,,,,
Minnesota,,,,,,
Route,,,,,,
Death Valley,,,,,,
late/,,,,,,
Amazon,,,,,,
Siberia,,,,,,
Okayama Prefecture,,,,,,
Chiang,,,,,,
Table Rock,,,,,,
ofOkayama,,,,,,
Uiseong,,,,,,
S. Korea,,,,,,
North Carolina county,,,,,,
South Carolinas,,,,,,
New Jersey Crews,,,,,,
Stokes County,,,,,,
Piedmont,,,,,,
Piedmo,,,,,,
North CarolinaThe,,,,,,
South Carolina's,,,,,,
Pickens County,,,,,,
Nort,,,,,,
Perths north,,,,,,
Woodvale,,,,,,
Yellagonga Park,,,,,,
the Coal River Valley,,,,,,
Sancheong county,,,,,,
SEOUL,,,,,,
Inverness,,,,,,
Inverness city,,,,,,
Ehime Prefecture,,,,,,
South Korea's,,,,,,
Wicklow,,,,,,
Barro,,,,,,
BRUSSELS,,,,,,
Irelands,,,,,,
the Wicklow Mountains,,,,,,
S. Korea’s,,,,,,
S. Korea's,,,,,,
Upper Tantallon,,,,,,
Imabari,,,,,,
Seoul,,,,,,
country&#039;s southeastern,,,,,,
Uiseon,,,,,,
South Koreas,,,,,,
South Korea’s,,,,,,
Henderson,,,,,,
Polk,,,,,,
UNESCO village,,,,,,
Bakersfield,,,,,,
Mendocino County,,,,,,
Los Angelesleaving,,,,,,
Bridger,,,,,,
Mont.,,,,,,
BELGRADE,,,,,,
Andong,,,,,,
Andong city,,,,,,
Galloway,,,,,,
West Coast,,,,,,
the Mourne Mountains,,,,,,
New York City,,,,,,
Benloch,,,,,,
New Jerseys Pine Barrens,,,,,,
New Jersey Pine Barrens,,,,,,
New Jersey Wildfire Containment Map,,,,,,
Atlantic Ocean,,,,,,
Threatens Wildlife,,,,,,
Atlantic City,,,,,,
New Jersey Against Going Outside,,,,,,
the Garden State,,,,,,
CHATSWORTH,,,,,,
Prince Louis,,,,,,
NJ,,,,,,
the Mount Lofty Ranges,,,,,,
Mount Lofty Ranges,,,,,,
New Jersey’s,,,,,,
Ocean Cou,,,,,,
Philadelphia,,,,,,
New Jersey Wildfire Grows,,,,,,
BARNEGAT TOWNSHIP,,,,,,
Pine Barrens,,,,,,
North and South America,,,,,,
Ocean Country,,,,,,
Sputnik,,,,,,
Central Victoria,,,,,,
New Jersey Wildfire Rages,,,,,,
New Jersey Causes Evacuation,,,,,,
ATHENS,,,,,,
Boul,,,,,,
Fort Collins,,,,,,
the Granite State,,,,,,
BROOMFIELD,,,,,,
Pa.,,,,,,
Hartford,,,,,,
Cumberland County,,,,,,
NYC,,,,,,
Waretown,,,,,,
OCEAN COUNTY,,,,,,
the Pine Barrens,,,,,,
New Jersey Wildfire Map—Live Tracker,,,,,,
Richmond,,,,,,
Queens,,,,,,
Bronx,,,,,,
Rockland,,,,,,
Forked River,,,,,,
Ocean Towns,,,,,,
Rockland Counties,,,,,,
Westchester,,,,,,
West Kelowna,,,,,,
the Lake Okanagan Resort,,,,,,
Lake Okanagan Resort,,,,,,
MOSCOW,,,,,,
Lancaster,,,,,,
Rocky Mountains,,,,,,
Sedalia,,,,,,
Arran,,,,,,
Hepburn Regional Park,,,,,,
Victorias,,,,,,
Daylesford,,,,,,
Cumbernauld,,,,,,
the Korean Demilitarized Zone,,,,,,
North Korea,,,,,,
Koreas,,,,,,
DMZ,,,,,,
North East Yorkshire,,,,,,
La Plata County,,,,,,
Greenock,,,,,,
the River Clyde,,,,,,
Ofunato City,,,,,,
"Washington, DC",,,,,,
Donegal,,,,,,
Co. Antrim,,,,,,
Ballymoney,,,,,,
Co Down,,,,,,
West Hills,,,,,,
Mahnaz,,,,,,
Hilltown,,,,,,
Daegu,,,,,,
"the Isle of Arran
",,,,,,
the Isle of Arran,,,,,,
Lacey Township,,,,,,
Pisgah National Forest,,,,,,
Lakewood,,,,,,
Ocean Township,,,,,,
New Jersey's,,,,,,
Ocean County,,,,,,
N.J.,,,,,,
Barnegat,,,,,,
Pennsylvania,,,,,,
levele,,,,,,
Los Angeles’s,,,,,,
Flockhill Lodge,,,,,,
NZ,,,,,,
Mount Carmel,,,,,,
Edmonton,,,,,,
the Southern Uplands,,,,,,
Puerto Vallarta,,,,,,
Hyapom,,,,,,
Puerto Vallarta's,,,,,,
N.M.,,,,,,
Van Nuys,,,,,,
Uiseong county,,,,,,
the Rhigos Mountain,,,,,,
Sonoma,,,,,,
States,,,,,,
the United S,,,,,,
